{
  "model/models-dbg.js": 1623232109134,
  "controller/ShowEmployee.controller.js": 1623232109122,
  "model/models.js": 1623232109134,
  "manifest.json": 1623267462603,
  "controller/Menu.controller.js": 1623232109106,
  "controller/CreateEmployee.controller.js": 1623239308962,
  "controller/App.controller.js": 1623232109130,
  "Component.js": 1623260838672,
  "manifest-bundle.zip": 1623267462317,
  "Component-preload.js": 1623267462540,
  "Component-dbg.js": 1623260838672,
  "controller/ShowEmployee-dbg.controller.js": 1623232109122,
  "controller/Menu-dbg.controller.js": 1623232109106,
  "controller/CreateEmployee-dbg.controller.js": 1623239308962,
  "controller/App-dbg.controller.js": 1623232109130,
  "i18n/i18n.properties": 1623260838672,
  "resources.json": 1623267462606,
  "view/ShowEmployee.view.xml": 1623240636078,
  "view/Menu.view.xml": 1623232109102,
  "view/CreateEmployee.view.xml": 1623232109102,
  "view/App.view.xml": 1623232109134,
  "fragment/RiseEmployee.fragment.xml": 1623232109130,
  "fragment/ReviewPage.fragment.xml": 1623232109126,
  "css/style.css": 1623227043586,
  "index.html": 1623261242721
}